id,raw,country_code,country_name,region,expected_e164,mno,type,valid
pn_001,+9779841234567,NP,Nepal,APAC,+9779841234567,Nepal Telecom (NTC),MOBILE,True
pn_002,9801234567,NP,Nepal,APAC,+9779801234567,Ncell,MOBILE,True
pn_003,984-123-4567,NP,Nepal,APAC,+9779841234567,Nepal Telecom (NTC),MOBILE,True
pn_004,9779812345678,NP,Nepal,APAC,+9779812345678,Ncell,MOBILE,True
pn_005,+977 986 123 4567,NP,Nepal,APAC,+9779861234567,Nepal Telecom (NTC),MOBILE,True
pn_006,+919876543210,IN,India,APAC,+919876543210,Airtel,MOBILE,True
pn_007,09876543210,IN,India,APAC,+919876543210,Airtel,MOBILE,True
pn_008,+91 98230-12345,IN,India,APAC,+919823012345,Jio,MOBILE,True
pn_009,9823012345,IN,India,APAC,+919823012345,Jio,MOBILE,True
pn_010,+14155552671,US,United States,NA,+14155552671,Verizon,MOBILE,True
pn_011,(415) 555-2671,US,United States,NA,+14155552671,Verizon,MOBILE,True
pn_012,415-555-0199,US,United States,NA,+14155550199,AT&T,MOBILE,True
pn_013,415.555.3344,US,United States,NA,+14155553344,T-Mobile,MOBILE,True
pn_014,1-800-555-0199,US,United States,NA,+18005550199,TollFree,TOLL_FREE,True
pn_015,+447911123456,GB,United Kingdom,EMEA,+447911123456,EE,MOBILE,True
pn_016,07911 123456,GB,United Kingdom,EMEA,+447911123456,EE,MOBILE,True
pn_017,+44 7700 900123,GB,United Kingdom,EMEA,+447700900123,Vodafone UK,MOBILE,True
pn_018,+4915123456789,DE,Germany,EMEA,+4915123456789,Telekom Deutschland,MOBILE,True
pn_019,0151 23456789,DE,Germany,EMEA,+4915123456789,Telekom Deutschland,MOBILE,True
pn_020,+33612345678,FR,France,EMEA,+33612345678,Orange,MOBILE,True
pn_021,06 12 34 56 78,FR,France,EMEA,+33612345678,Orange,MOBILE,True
pn_022,+819012345678,JP,Japan,APAC,+819012345678,NTT Docomo,MOBILE,True
pn_023,090-1234-5678,JP,Japan,APAC,+819012345678,NTT Docomo,MOBILE,True
pn_024,+61412345678,AU,Australia,APAC,+61412345678,Telstra,MOBILE,True
pn_025,0412 345 678,AU,Australia,APAC,+61412345678,Telstra,MOBILE,True
pn_026,+971501234567,AE,United Arab Emirates,MENA,+971501234567,Etisalat,MOBILE,True
pn_027,050 123 4567,AE,United Arab Emirates,MENA,+971501234567,Etisalat,MOBILE,True
pn_028,+6591234567,SG,Singapore,APAC,+6591234567,Singtel,MOBILE,True
pn_029,9123 4567,SG,Singapore,APAC,+6591234567,Singtel,MOBILE,True
pn_030,+5511987654321,BR,Brazil,LATAM,+5511987654321,Vivo,MOBILE,True
pn_031,(11) 98765-4321,BR,Brazil,LATAM,+5511987654321,Vivo,MOBILE,True
pn_032,+27821234567,ZA,South Africa,AFRICA,+27821234567,Vodacom,MOBILE,True
pn_033,082 123 4567,ZA,South Africa,AFRICA,+27821234567,Vodacom,MOBILE,True
pn_034,+14165550199,CA,Canada,NA,+14165550199,Rogers,MOBILE,True
pn_035,(416) 555-0199,CA,Canada,NA,+14165550199,Rogers,MOBILE,True
pn_036,+2348031234567,NG,Nigeria,AFRICA,+2348031234567,MTN Nigeria,MOBILE,True
pn_037,0803 123 4567,NG,Nigeria,AFRICA,+2348031234567,MTN Nigeria,MOBILE,True
pn_038,+254712345678,KE,Kenya,AFRICA,+254712345678,Safaricom,MOBILE,True
pn_039,+821012345678,KR,South Korea,APAC,+821012345678,SK Telecom,MOBILE,True
pn_040,010-1234-5678,KR,South Korea,APAC,+821012345678,SK Telecom,MOBILE,True
pn_041,12345,,Unknown,,,Unknown,UNKNOWN,False
pn_042,+999123456789,,Unknown,,,Unknown,UNKNOWN,False
